,CUSTOMER_CODE,ADDRESS_INTERNAL,STORE_CODE,ADDRESS_EXTERNAL
147,1M8720044,"788, Âu Cơ, Phường 14, Quận Tân Bình, Thành phố Hồ Chí Minh",CCG_627,"788 Âu Cơ, Phường 14, Quận Tân Bình, Tp.HCM"
556,1M8720046,"241, Cộng Hòa, Phường 13, Quận Tân Bình, Thành phố Hồ Chí Minh",CCG_626,"241 Cộng Hòa, Phường 13, quận Tân Bình, Thành phố Hồ Chí Minh"
752,1M8720047,"333-335, đường số 7, Phường Bình Trị Đông B, Quận Bình Tân, Thành phố Hồ Chí Minh",CCG_617,"333-335 Đường số 7, phường Bình Trị Đông B, quận Bình Tân, Thành phố Hồ Chí Minh"
953,1M8720049,"564A, Hương Lộ 2, Phường Bình Trị Đông, Quận Bình Tân, Thành phố Hồ Chí Minh",CCG_613,"564A Hương Lộ 2, Khu Phô 6, Phường Bình Trị Đông, Quận Bình Tân, Thành phố Hồ Chí Minh"
1286,1M8720051,"326, Lê Văn Lương, Phường Tân Hưng, Quận 7, Thành phố Hồ Chí Minh",CCG_536,"326 Lê Văn Lương, Phường Tân Hưng, Quận 7, TP.HCM"
1476,1M8720120,"Số 247, Hồng Bàng, Phường 11, Quận 5, Thành phố Hồ Chí Minh",CCG_521,"245 - 247 Hồng Bàng, Phường 11, Quận 5, Thành phố Hồ Chí Minh"
1641,1M8720121,"487, Tô Ngọc Vân, Phường Tam Phú, Quận Thủ Đức, Thành phố Hồ Chí Minh",CCG_481,"487 Tô Ngọc Vân, Khu Phố 1, Phường Tam Phú, Quận Thủ Đức, Thành phố Hồ Chí Minh"
1897,1M8720052,"75, Lâm Văn Bền, Phường Bình Thuận, Quận 7, Thành phố Hồ Chí Minh",CCG_532,"175 Lâm Văn Bền, khu phố 6, phường Bình Thuận, Quận 7, Thành phố Hồ Chí Minh"
2101,1M8720054,"28-30-30-34, Nguyễn Thị Thập, Phường Bình Thuận, Quận 7, Thành phố Hồ Chí Minh",CCG_531,"28-30-32-34 Nguyễn Thị Thập, Phường Bình Thuận, Quận 7, Thành phố. Hồ Chí Minh"
2313,1M8720056,"Grand View PMH, Nguyễn Đức Cảnh, Phường Tân Phong, Quận 7, Thành phố Hồ Chí Minh",CCG_538,"Grand View PMH, Nguyễn Đức Cảnh, P.Tân Phong, Q.7, Tp.HCM"
2586,1M8720057,"755, Lê Trọng Tấn, Phường Bình Hưng Hòa, Quận Bình Tân, Thành phố Hồ Chí Minh",CCG_606,"755 Lê Trọng Tấn, phường Bình Hưng Hòa, quận Bình Tân, Tp Hồ Chí Minh"
2999,1M8720060,"406C, Mã Lò, Phường Bình Hưng Hoà A, Quận Bình Tân, Thành phố Hồ Chí Minh",CCG_609,"406C Mã Lò, P.Bình Hưng Hòa A, Quận Bình Tân, Thành phố Hồ Chí Minh"
3131,1M8720129,"326, Lê Văn Lương, Phường Tân Hưng, Quận 7, Thành phố Hồ Chí Minh",CCG_536,"326 Lê Văn Lương, Phường Tân Hưng, Quận 7, TP.HCM"
3368,1M8720130,"6C-10bis, Trường Chinh, Phường Tân Hưng Thuận, Quận 12, Thành phố Hồ Chí Minh",CCG_568,"6C-10bis Trường Chinh, phường Tân Hưng Thuận, Quận 12, Thành phố Hồ Chí Minh"
3607,1M8720061,"392, Lê Văn Quới, Phường Bình Hưng Hoà A, Quận Bình Tân, Thành phố Hồ Chí Minh",CCG_602,"392 Lê Văn Quới, Phường 11, Quận Bình Tân, Thành phố Hồ Chí Minh (closed)"
3791,1M8720063,"310, Nguyễn Oanh, Phường 17, Quận Gò Vấp, Thành phố Hồ Chí Minh",CCG_581,"310 Nguyễn Oanh, Phường 17, Q. Gò Vấp,Tp.HCM"
3994,1M8720064,"668, Lê Đức Thọ, Phường 15, Quận Gò Vấp, Thành phố Hồ Chí Minh",CCG_579,"668 Lê Đức Thọ, Phường 15, Quận Gò Vấp, thành phố Hồ Chí Minh"
4200,1M8720065,"3/1A, Nguyễn Văn Lượng, Phường 16, Quận Gò Vấp, Thành phố Hồ Chí Minh",CCG_580,"3/1A Nguyễn Văn Lượng, Phường 16, Quận Gò Vấp, Thành phố Hồ Chí Minh"
4402,1M8720066,"44/1D, Phạm Văn Chiêu, Phường 12, Quận Gò Vấp, Thành phố Hồ Chí Minh",CCG_577,"44/1D Phạm Văn Chiêu, Phường 12, Q.Gò Vấp, Tp.Hồ Chí Minh"
4608,1M8720067,"329, Phan Huy Ích, Phường 14, Quận Gò Vấp, Thành phố Hồ Chí Minh",CCG_578,"329 Phan Huy Ích, P.14, Quận Gò Vấp, Tp.HCM"
4755,1M8720068,"317, Hoàng Diệu, Phường 06, Quận 4, Thành phố Hồ Chí Minh",CCG_520,"317 Hoàng Diệu P.6, Q.4, TP HCM"
5103,1M8720137,"66/7, QL22, Ấp Dân Thắng 1, Xã Tân Thới Nhì, Huyện Hóc Môn, Thành phố Hồ Chí Minh",CCG_663,"66/7 Ấp Dân Thắng 1, xã Tân Thới Nhì, Huyện Hóc Môn, Thành Phố Hồ Chí Minh"
5194,1M8720075,"178, Đỗ Xuân Hợp, Phường Phước Long A, Quận 9, Thành phố Hồ Chí Minh",CCG_549,"178 Đỗ Xuân Hợp , Phước Long A, Quận 9, Tp.HCM"
5400,1M8720076,"345B, Đỗ Xuân Hợp, Phường Phước Long B, Quận 9, Thành phố Hồ Chí Minh",CCG_550,"345B Đỗ Xuân Hợp, Phước Long B, Quận 9, TP.HCM"
5690,1M8720087,"191, Hoàng Văn Thụ, Phường 08, Quận Phú Nhuận, Thành phố Hồ Chí Minh",CCG_635,"191 Hoàng Văn Thụ, P.8, Quận Phú Nhuận, Tp.Hồ Chí Minh"
5805,1M8720139,"871, Phạm Thế Hiển, Phường 04, Quận 8, Thành phố Hồ Chí Minh",CCG_545,"871 Phạm Thế Hiển, Phường 4, Quận 8, Thành phố Hồ Chí Minh"
5963,1M8720011,"323A, Nguyễn An Ninh, Phường 9, TP. Vũng Tàu, Tỉnh Bà Rịa - Vũng Tàu",CCG_300,"305 Nguyễn An Ninh, Phường 9, TP. Vũng Tàu, Tỉnh Bà Rịa-Vũng Tàu"
6008,1M8720013,"561, Ba Mươi Tháng Tư, Phường Rạch Dừa, TP. Vũng Tàu, Tỉnh Bà Rịa - Vũng Tàu",CCG_303,"559-561-563 đường 30/4, P. Rạch Dừa, Tp. Vũng Tàu, tỉnh Bà  Rịa - Vũng Tàu"
6023,1M8720014,"1107, Đường 30/4, Phường 11, TP. Vũng Tàu, Tỉnh Bà Rịa - Vũng Tàu",CCG_297,"1107 đường 30 tháng 4, phường 11, Thành phố Vũng Tàu, tỉnh Bà Rịa Vũng Tàu"
6042,1M8720015,"85, Nguyễn Thanh Đằng, Phường Phước Hiệp, Thành phố Bà Rịa, Tỉnh Bà Rịa - Vũng Tàu",CCG_295," 85 Nguyễn Thanh Đằng, Phước Hiệp, Tp. Bà Rịa, Bà Rịa - Vũng Tàu"
6068,1M8720001,"16, LÊ THÁNH TÔNG, Phường Thắng Lợi, Thành phố Buôn Ma Thuột, Tỉnh Đắk Lắk",CCG_23,"16 Lê Thánh Tông, Thắng Lợi, Buôn Ma Thuột, Đắk Lắk"
6078,1M8720002,"214, Nguyễn Tât Thành, Phường Tân Lập, Thành phố Buôn Ma Thuột, Tỉnh Đắk Lắk",CCG_20,"214 Nguyễn Tất Thành, P. Tân Lập, TP. Buôn Ma Thuột, Đắk Lắk"
6090,1M8720003,"384, LÊ DUẨN, Phường Ea Tam, Thành phố Buôn Ma Thuột, Tỉnh Đắk Lắk",CCG_19,"384 Lê Duẩn, P. Ea Tam, TP. Buôn Ma Thuột, Đắk Lắk"
6331,1M8720020,"78, Tôn Thất Tùng, Phường Bến Thành, Quận 1, Thành phố Hồ Chí Minh",CCG_505,"78 Tôn Thất Tùng, Phường Bến Thành, Quận 1, Thành Phố Hồ Chí Minh (closed)"
6550,1M8720022,"424, Nguyễn Thị Minh Khai, Phường 05, Quận 3, Thành phố Hồ Chí Minh",CCG_519,"424A Nguyễn Thị Minh Khai, P.5, Quận 3, Tp.HCM"
6765,1M8720024,"37A, Nguyễn Thị Nhỏ, Phường 02, Quận 6, Thành phố Hồ Chí Minh",CCG_529,"37A Nguyễn Thị Nhỏ, Phường 2, Quận 6, Thành phố Hồ Chí Minh"
6971,1M8720025,"107, Mai Xuân Thưởng, Phường 04, Quận 6, Thành phố Hồ Chí Minh",CCG_530,"107 Mai Xuân Thưởng, Phường 4, Quận 6, Thành phố Hồ Chí Minh"
7378,1M8720027,"553, Hậu Giang, Phường 11, Quận 6, Thành phố Hồ Chí Minh",CCG_527," 553 Hậu Giang, P.11, Quận 6, Tp.Hồ Chí Minh"
7608,1M8720028,"291, Cách Mạng Tháng Tám, Phường 12, Quận 10, Thành phố Hồ Chí Minh",CCG_552,"291 Cách Mạng Tháng 8, Phường 12, Quận 10, TP. HCM"
7814,1M8720029,"703, Lê Hồng Phong, Phường 12, Quận 10, Thành phố Hồ Chí Minh",CCG_553,"703 Lê Hồng Phong (Ngã tư 3/2), Phường 12, Quận 10, TP. HCM"
7975,110008720,"Tầng 4 Tòa nhà Lawrence Sting 801 Nguyễn Văn Linh, Phường Tân Phú, Quận 7, TP. Hồ Chí Minh",CCG_509,"101 Trần Quang Khải, Phường Tân Định, Quận 1, TP.HCM"
8175,1M8720187,"66, Nguyễn Du, Phường Bến Nghé, Quận 1, TP. Hồ Chí Minh",CCG_504,"66 Nguyễn Du, phường Bến Nghé, quận 1, Thành phố Hồ Chí Minh"
8468,1M8720189,"285, Âu Cơ, Phường Phú Trung, Quận Tân Phú, TP. Hồ Chí Minh",CCG_592,"285 Âu Cơ, Phường Phú Trung, Quận Tân Phú, Thành Phố Hồ Chí Minh"
8743,1M8720191,"91/11A, Lê Lợi, Xã Tân Thới Nhì, Huyện Hóc Môn, TP. Hồ Chí Minh",CCG_662,"Số 91/11A Lê Lợi, ấp Dân Thắng 2, xã Tân Thới Nhì, Huyện Hóc Môn, Thành phố Hồ Chí Minh"
8805,1M8720192,"424A, Nguyễn Thị Minh Khai, Phường 05, Quận 3, TP. Hồ Chí Minh",CCG_519,"424A Nguyễn Thị Minh Khai, P.5, Quận 3, Tp.HCM"
9017,1M8720193,"43V, Cư Xá Phú Lâm D, Phường 10, Quận 6, TP. Hồ Chí Minh",CCG_526,"43V Đường Cư Xá Phú Lâm D, Phường 10, Quận 6, Thành phố Hồ Chí Minh"
9183,1M8720004,"130, HOÀNG DIỆU, Phường Thành Công, Thành phố Buôn Ma Thuột, Tỉnh Đắk Lắk",CCG_24,"130 Đường Hoàng Diệu, Phường Thành Công, Thành phố Buôn Ma Thuộc, Tỉnh Đắk Lắk (closed)"
9195,1M8720005,"70, Lê Hồng Phong, Phường Phước Hải, Thành phố Nha Trang, Tỉnh Khánh Hòa",CCG_165,"70 Lê Hồng Phong, phường Phước Hải, thành phố Nha Trang, tỉnh Khánh Hòa"
9237,1M8720007,"310-312, Thống Nhất, Phường Phương Sơn, Thành phố Nha Trang, Tỉnh Khánh Hòa",CCG_167,"310-312 Thống Nhất, Phường Phương Sơn, thành phố Nha Trang, Tỉnh Khánh Hoà"
9259,1M8720008,"2E-2F, 2/4, Phường Vạn Thạnh, Thành phố Nha Trang, Tỉnh Khánh Hòa",CCG_169,"2E-2F đường 2 tháng 4, phường Vạn Thạnh, Thành phố Nha Trang, Tỉnh Khánh Hòa"
9284,1M8720009,"4, Yersin, Phường Xương Huân, Thành phố Nha Trang, Tỉnh Khánh Hòa",CCG_174,"4 Yersin, Phường Xương Huân, Thành Phố Nha Trang, Tỉnh Khánh Hòa (closed)"
9300,1M8720010,"06-07, 23/10, Xã Vĩnh Hiệp, Thành phố Nha Trang, Tỉnh Khánh Hòa",CCG_170,"06-07 đường 23/10, thôn Vĩnh Điềm Trung, xã Vĩnh Hiệp, thành phố Nha Trang, Tỉnh Khánh Hòa"
9309,1M8720016,"100, Trần Hưng Đạo, Phường 5, Thành phố Cà Mau, Tỉnh Cà Mau",CCG_193,"68 Trần Hưng Đạo, phường 5, thành phố Cà Mau, Cà Mau"
9350,1M8720169,"76, Phạm Hữu Lầu, Phường 4, TP. Cao Lãnh, Tỉnh Đồng Tháp",CCG_5,"76 Phạm Hữu Lầu, Phường 4, TP. Cao Lãnh, Đồng Tháp"
9362,1M8720170,"81, Nguyễn Huệ, Phường 1, TP. Cao Lãnh, Tỉnh Đồng Tháp",CCG_2,"81 Nguyễn Huệ, Khóm 1, Phường 1, Thành phố Cao Lãnh, Tỉnh Đồng Tháp. (closed)"
9397,1M8720171,"178, Phạm Văn Thuận, Phường Thống Nhất, TP. Biên Hòa, Tỉnh Đồng Nai",CCG_386,"178 Phạm Văn Thuận, P.Thống Nhất, Tp. Biên Hòa, Đồng Nai"
9449,1M8720172,"337, Đường 30 tháng 4, Phường Quyết Thắng, TP. Biên Hòa, Tỉnh Đồng Nai",CCG_377,"337 Đường 30 tháng 4, P. Quyết Thắng, Tp. Biên Hòa, Đồng Nai"
9577,1M8720174,"G1, Đồng Khởi, Phường Tân Hiệp, TP. Biên Hòa, Tỉnh Đồng Nai",CCG_383,"G1, đường Đồng Khởi, phường Tân Hiệp, thành phố Biên Hòa, tỉnh Đồng Nai"
9621,1M8720175,"123, CMT8, Phường Hòa Bình, TP. Biên Hòa, Tỉnh Đồng Nai",CCG_366,"537 Cách Mạng Tháng 8, phường Hòa Bình, Thành phố Biên Hòa, Đồng Nai"
9757,1M8720030,"391, Lý Thái Tổ, Phường 09, Quận 10, Thành phố Hồ Chí Minh",CCG_557,"391 Lý Thái Tổ, phường 9, Quận 10, Hồ Chí Minh"
9960,1M8720031,"338, Ngô Gia Tự, Phường 04, Quận 10, Thành phố Hồ Chí Minh",CCG_555,"338 Ngô Gia Tự, Phường 4, Quận 10, Hồ Chí Minh"
10169,1M8720032,"77-79, Thuận Kiều, Phường 04, Quận 11, Thành phố Hồ Chí Minh",CCG_559,"77-79 Thuận Kiều, Phường 4, Quận 11, TPHCM (closed)"
10375,1M8720033,"174, Tạ Uyên, Phường 06, Quận 11, Thành phố Hồ Chí Minh",CCG_560,"174 Tạ Uyên, Phường 6, Quận 11, Thành phố Hồ Chí Minh"
10605,1M8720034,"182D, Hòa Bình, Phường Hiệp Tân, Quận Tân Phú, Thành phố Hồ Chí Minh",CCG_585,"182D Hòa Bình, P.Hiệp Tân, Q.Tân Phú, Thành phố Hồ Chí Minh"
10811,1M8720035,"311A, Thoại Ngọc Hầu, Phường Hiệp Tân, Quận Tân Phú, Thành phố Hồ Chí Minh",CCG_586,"311A Thoại Ngọc Hầu, phường Hiệp Tân, quận Tân Phú, Thành phố Hồ Chí Minh"
11018,1M8720036,"65, Nguyễn Sơn, Phường Phú Thạnh, Quận Tân Phú, TP. Hồ Chí Minh",CCG_588,"65 Nguyễn Sơn,P.Phú Thạnh, Quận Tân Phú, Hồ Chí Minh (closed)"
11222,1M8720037,"484 Lũy Bán Ích,, Lũy Bán Ích, Phường Hòa Thạnh, Quận Tân Phú, Thành phố Hồ Chí Minh",CCG_587,"484 Lũy Bán Bích, phường Hòa Thạnh, quận Tân Phú, Tp.Hồ Chí Minh"
11534,1M10008721,"141, Nguyễn Tất Thành, Phường 8, Thành phố Cà Mau, Tỉnh Cà Mau",CCG_195,"141B Nguyễn Tất Thành, phường 8, Thành Phố Cà Mau, tỉnh Cà Mau"
11539,1M10008722,"68, Trần Hưng Đạo, Phường 5, Thành phố Cà Mau, Tỉnh Cà Mau",CCG_193,"68 Trần Hưng Đạo, phường 5, thành phố Cà Mau, Cà Mau"
11547,1M8720153,"72B, Đồng Khởi, Phường Phú Tân, TP. Bến Tre, Tỉnh Bến Tre",CCG_234,"72B Đại Lộ Đồng Khởi, Phú Tân, Tp. Bến Tre, Bến Tre"
11552,1M8720154,"179, Nguyễn Đình Chiểu, Phường 2, TP. Bến Tre, Tỉnh Bến Tre",CCG_233,"179 Nguyễn Đình Chiểu, P2, Tp.Bến Tre, Bến Tre"
11634,1M8720155,"140, Lý Thường Kiệt, Phường 07, Quận 10, TP. Hồ Chí Minh",CCG_556,"140 Lý Thường Kiệt, Phường 7, Quận 10, Thành phố Hồ Chí Minh"
11801,1M8720156,"510, Nguyễn Thị Minh Khai, Phường 02, Quận 3, TP. Hồ Chí Minh",CCG_518,"510 Nguyễn Thị Minh Khai, Phường 2, Quận 3, Thành phố Hồ Chí Minh"
11969,1M8720157,"32, Quang Trung, Phường Hải Đình, Thành Phố Đồng Hới, Tỉnh Quảng Bình",CCG_123,"32 Quang Trung, Hải Đình, Tp. Đồng Hới, Quảng Bình"
11974,1M8720158,"309, Trần Hưng Đạo, Phường Nam Lý, Thành Phố Đồng Hới, Tỉnh Quảng Bình",CCG_124,"309 Trần Hưng Đạo, Nam Lý, Tp. Đồng Hới, Quảng Bình"
12100,1M8720150,"202, Kinh Dương Vương, Phường An Lạc, Quận Bình Tân, Thành phố Hồ Chí Minh",CCG_604,"202 Kinh Dương Vương, Khu Phố 4, Phường An Lạc A, Quận Bình Tân, Hồ Chí Minh"
12218,1M8720151,"396, Lê Văn Sỹ, Phường 14, Quận 3, Thành phố Hồ Chí Minh",CCG_517,"396 Lê Văn Sỹ, Phường 14, Quận 3, Thành phố Hồ Chí Minh"
12418,1M8720343,"26, Điện Biên Phủ, Phường Vĩnh Hòa, TP. Nha Trang, Tỉnh Khánh Hòa",CCG_171,"26 Điện Biên Phủ, phường Vĩnh Hòa, Thành phố Nha Trang, Khánh Hòa."
12442,1M8720344,"71A, Phan Bội Châu, Phường Xương Huân, TP. Nha Trang, Tỉnh Khánh Hòa",CCG_175,"71A Phan Bội Châu, phường Xương Huân, Thành phố Nha Trang, Khánh Hòa (closed)"
12600,1M8720345,"55B, Phan Đăng Lưu, Phường 05, Quận Phú Nhuận, TP. Hồ Chí Minh",CCG_634,"55B Phan Đăng Lưu, Phường 7, quận Phú Nhuận, Thành phố Hồ Chí Minh"
12652,1M8720348,"Ngã 5, Sân Bay Cát Bi, Phường Đông Khê, Quận Ngô Quyền, TP. Hải Phòng",CCG_182,"Go! Hải Phòng Ngã 5 Sân Bay, 20 Khu đô thị mới, phường Đông Khê, quận Ngô Quyền, Thành phố Hải Phòng"
12658,1M8720349,"70, Trần Hưng Đạo, Thị trấn Núi Đèo, Huyện Thuỷ Nguyên, TP. Hải Phòng",CCG_184,"70 Trần Hưng Đạo, Thị trấn Núi Đèo, huyện Thuỷ Nguyên, Hải Phòng"
12659,1M8720350,"0, Trần Nhân Tông, Xã Ninh Phúc, TP. Ninh Bình, Tỉnh Ninh Bình",CCG_136,"Go! Ninh Bình, 10 Trần Nhân Tông, xã Ninh Phúc, Thành phố Ninh Bình"
12662,1M8720351,"0, Trần Thái Tông, Phường Phú Khánh, TP. Thái Bình, Tỉnh Thái Bình",CCG_65,"Go! Thái Bình, đường Trần Thái Tông, phường Phú Khánh, Thành phố Thái Bình, Thái Bình"
12702,100067469,"107 Đường số 8, KDC Hiệp Thành 3, Phường Hiệp Thành, TP. Thủ Dầu Một, Tỉnh Bình Dương",CCG_464,"107 đường Số 8, Khu Dân Cư Hiệp Thành 3, Thành phố Thủ Dầu Một, Tỉnh Bình Dương."
12723,1M8720326,"111, Mai Thúc Loan, Phường Thuận Lộc, TP. Huế, Tỉnh Thừa Thiên Huế",CCG_60,"111 Mai Thúc Loan, phường Thuận Thành, Thành phố Huế, Thừa Thiên Huế"
12750,1M8720328,"9, Nguyễn Trãi, Phường Bến Thành, Quận 1, TP. Hồ Chí Minh",CCG_506,"9-11-13 Nguyễn Trãi, phường Bến Thành, Quận 1, Thành phố Hồ Chí Minh"
13074,1M8720330,"686, Truường Chinh, Phường 15, Quận Tân Bình, TP. Hồ Chí Minh",CCG_625,"304B Trường Chinh, Phường 13, Quận Tân Bình, Thành phố Hồ Chí Minh"
13208,1M8720390,"218, Thành Thái, Phường 12, Quận 10, TP. Hồ Chí Minh",CCG_554,"218 Thành Thái, Phường 12, Quận 10, Thành phố Hồ Chí Minh"
13348,1M8720391,"81-83, NGUYỄN VĂN LINH, Phường Phước Ninh, Quận Hải Châu, TP. Đà Nẵng",CCG_349," 81-83 Nguyễn Văn Linh, phường Phước Ninh, quận Hải Châu, Thành phố Đà Nẵng"
13364,1M8720088,"79, Hùng Vương, Phường 6, Thành phố Sóc Trăng, Tỉnh Sóc Trăng",CCG_96,"79-81 Hùng Vương, Phường 6, Tp. Sóc Trăng, Sóc Trăng"
13369,1M8720089,"31-33, Hai Bà Trưng, Phường 1, Thành phố Sóc Trăng, Tỉnh Sóc Trăng",CCG_94,"31-33 Hai Bà Trưng, Phường 1, Tp. Sóc Trăng, Sóc Trăng"
13376,1M8720090,"313-315, Trần Phú, Phường 7, Thành phố Bạc Liêu, Tỉnh Bạc Liêu",CCG_243,"313-315 Trần Phú, Phường 7, Tp. Bạc Liêu, Bạc Liêu"
13378,1M8720091,"26, Trần Phú, Phường 3, Thành phố Bạc Liêu, Tỉnh Bạc Liêu",CCG_242,"26 Trần Phú, Phường 3, Thành phố Bạc Liêu, Bạc Liêu"
13500,1M8720092,"Số 43D, Hòa Bình, Phường Tân Thới Hòa, Quận Tân Phú, Thành phố Hồ Chí Minh",CCG_600,"43D Hoà Bình, phường Tân Thới Hoà, quận Tân Phú, Thành phố Hồ Chí Minh"
13681,1M8720093,"204-206, Lê Văn Thọ, Phường 11, Quận Gò Vấp, Thành phố Hồ Chí Minh",CCG_576,"204 - 206 Lê Văn Thọ, Phường 11, Quận Gò Vấp, thành phố Hồ Chí Minh"
13981,1M8720096,"C1/20A, Phạm Hùng, Xã Bình Hưng, Huyện Bình Chánh, Thành phố Hồ Chí Minh",CCG_671,"C1/20A Phạm Hùng, Ấp 4, Xã Bình Hưng, H.Bình Chánh, Thành phố Hồ Chí Minh"
14175,1M8720097,"6/11A, Quang Trung, Thị trấn Hóc Môn, Huyện Hóc Môn, Thành phố Hồ Chí Minh",CCG_660,"6/11A Quang Trung, Hóc Môn, Hóc Môn, TP Hồ Chí Minh"
14286,1M8720098,"12/6, Tô Ký, Phường Tân Chánh Hiệp, Quận 12, Thành phố Hồ Chí Minh",CCG_566,"12/6 Tô Ký, P.Tân Chánh Hiệp, Q.12, Tp.Hồ Chí Minh"
14432,1M8720196,"93, Nguyễn Bỉnh Khiêm, Phường Đa Kao, Quận 1, TP. Hồ Chí Minh",CCG_507,"93 Nguyễn Bỉnh Khiêm, Phường Đa Kao, Quận 1, Thành phố Hồ Chí Minh"
14719,1M8720199,"9, Út Tịch, Phường 04, Quận Tân Bình, TP. Hồ Chí Minh",CCG_589,"307 Nguyễn Sơn, phường Phú Thạnh, quận Tân Phú, Thành phố Hồ Chí Minh"
14949,1M8720201,"123, Lê Văn Quới, Phường Bình Trị Đông, Quận Bình Tân, TP. Hồ Chí Minh",CCG_614,"123 Lê Văn Quới, khu phố 2, Phường Bình Trị Đông, Quận Bình Tân, Thành Phố Hồ Chí Minh"
15312,1M8720108,"911A, Nguyễn Ảnh Thủ, Phường Tân Chánh Hiệp, Quận 12, Thành phố Hồ Chí Minh",CCG_567,"911A-911B Nguyễn Ảnh Thủ, khu phố 8, phường Tân Chánh Hiệp, Quận 12, Thành phố Hồ Chí Minh"
15515,1M8720109,"43A, Nguyễn Ảnh Thủ, Phường Hiệp Thành, Quận 12, Thành phố Hồ Chí Minh",CCG_565," 43A Nguyễn Ảnh Thủ, Khu phố 2, Phường Hiệp Thành, Quận 12,Thành phố Hồ Chí Minh"
15683,1M8720110,"879, Hậu Giang, Phường 11, Quận 6, Thành phố Hồ Chí Minh",CCG_528,"879 Hậu Giang, Phường 11, Quận 6, Hồ Chí Minh (closed)"
15843,1M8720347,"18, Giếng Đồn, Phường Trần Hưng Đạo, TP. Hạ Long, Tỉnh Quảng Ninh",CCG_102,"Số 18 Phố Giếng Đồn, Phường Trần Hưng Đạo, Thành phố Hạ Long, tỉnh Quảng Ninh"
15846,1M8720353,"Số 161, Lê Lợi, Phường Lê Lợi, TP. Bắc Giang, Tỉnh Bắc Giang",CCG_244,"161 Lê Lợi, phường Lê Lợi, thành phố Bắc Giang, tỉnh Bắc Giang"
15856,1M8720354,"Số 222, Trần Duy Hưng, Phường Trung Hoà, Quận Cầu Giấy, TP. Hà Nội",CCG_360,"TTM Go! Thăng Long, 222 Trần Duy Hưng, phường Trung Hoà, quận Cầu Giấy, Thành phố Hà Nội"
15996,1M8720210,"178-180, Tên Lửa, Phường Bình Trị Đông B, Quận Bình Tân, TP. Hồ Chí Minh",CCG_616,"178-180 Tên Lửa, Phường Bình Trị Đông B, Quận Bình Tân, Thành phố Hồ Chí Minh"
16214,1M8720211,"232A, Gò Xoài, Phường Bình Hưng Hòa, Quận Bình Tân, TP. Hồ Chí Minh",CCG_608,"232A - 232B Gò Xoài, Khu phố 3, Phường Bình Hưng Hòa A, Quận Bình Tân, Thành phố Hồ Chí Minh"
16436,1M8720215,"304B, Trường Chinh, Phường 13, Quận Tân Bình, TP. Hồ Chí Minh",CCG_625,"304B Trường Chinh, Phường 13, Quận Tân Bình, Thành phố Hồ Chí Minh"
16558,1M8720373,"4B-5, Hùng Vương, Phường 7, TP. Cà Mau, Tỉnh Cà Mau",CCG_194,"4B-5 Hùng Vương, Khóm 4, Phường 7, Thành phố Cà Mau, Tỉnh Cà Mau."
16567,1M8720374,"32 Nguyễn Trung Trực, Nguyễn Trung Trực, Phường Vĩnh Bảo, TP. Rạch Giá, Tỉnh Kiên Giang",CCG_149,"32 Nguyễn Trung Trực, Vĩnh Bảo, Rạch Giá, Kiên Giang"
16700,1M8720223,"470, Hồ Học Lãm, Phường An Lạc, Quận Bình Tân, TP. Hồ Chí Minh",CCG_603,"470 Hồ Học Lãm, Khu phố 3, Phường An Lạc, Quận Bình Tân, Thành phố Hồ Chí Minh"
16944,1M8720224,"16, Nguyễn Văn Thương, Phường 25, Quận Bình Thạnh, TP. Hồ Chí Minh",CCG_642,"16 Nguyễn Văn Thương, Phường 25, Quận Bình Thạnh, Thành phố Hồ Chí Minh"
17089,1M8720225,"37, Trần Phú Cương, Phường 05, Quận Gò Vấp, TP. Hồ Chí Minh",CCG_582,"37 Trần Phú Cương, Phường 5, Quận Gò Vấp, Thành Phố Hồ Chí Minh"
17206,1M8720176,"633, Phạm Văn Thuận, Phường Tam Hiệp, TP. Biên Hòa, Tỉnh Đồng Nai",CCG_378,"633 Phạm Văn Thuận, xã Tam Hiệp, Thành phố Biên Hòa, Tỉnh Đồng Nai"
17276,1M8720177,"5, Bùi Trọng Nghĩa, Phường Trảng Dài, TP. Biên Hòa, Tỉnh Đồng Nai",CCG_387,"1B - 5 Bùi Trọng Nghĩa, Phường Trảng Dài, Thành phố Biên Hòa, Tỉnh Đồng Nai (closed)"
17338,1M8720178,"2/11, Trần Văn Xã, Phường Trảng Dài, TP. Biên Hòa, Tỉnh Đồng Nai",CCG_388,"2/11 Trần Văn Xã, Khu Phố 4, Phường Trảng Dài, Thành Phố Biên Hòa, Tỉnh Đồng Nai"
17396,1M8720179,"58, Đồng Khởi, Phường Tân Phong, TP. Biên Hòa, Tỉnh Đồng Nai",CCG_385,"58 Đồng Khởi, Khu phố 11, Phường Tân Phong, Thành phố Biên Hòa, Tỉnh Đồng Nai"
17439,1M8720180,"537, Cách Mạng Tháng Tám, Phường Hòa Bình, TP. Biên Hòa, Tỉnh Đồng Nai",CCG_367,"121A - 123 Cách Mạng Tháng Tám, phường Hòa Bình, Thành phố Biên Hòa, Đồng Nai"
17606,1M8720181,"307, Nguyễn Sơn, Phường Phú Thạnh, Quận Tân Phú, TP. Hồ Chí Minh",CCG_589,"307 Nguyễn Sơn, phường Phú Thạnh, quận Tân Phú, Thành phố Hồ Chí Minh"
17818,1M8720182,"179, Độc Lập, Phường Tân Quý, Quận Tân Phú, TP. Hồ Chí Minh",CCG_596,"179 Độc Lập, Phường Tân Quý, Quận Tân Phú, Hồ Chí Minh"
18017,1M8720183,"212, Bình Long, Phường Phú Thạnh, Quận Tân Phú, TP. Hồ Chí Minh",CCG_590,"212-214A Bình Long, Phường Phú Thạnh, Quận Tân Phú, Thành phố Hồ Chí Minh"
18324,1M8720237,"72B, Đại Lộ Đồng Khởi, Phường Phú Tân, TP. Bến Tre, Tỉnh Bến Tre",CCG_234,"72B Đại Lộ Đồng Khởi, Phú Tân, Tp. Bến Tre, Bến Tre"
18332,1M8720238,"376 DT883, ấp Quới Hòa Đông, Xã Qưới Sơn, Huyện Châu Thành, Tỉnh Bến Tre",CCG_236,"376 DT883 Ấp Quới Hòa Đông, xã Quới Sơn, huyện Châu Thành, Tỉnh Bến Tre"
18336,1M8720239,"185, Phan Văn Mãng, Thị trấn Bến Lức, Huyện Bến Lức, Tỉnh Long An",CCG_316,"185 Phan Văn Mãng, Thị trấn Bến Lức, Bến Lức, Long An"
18360,1M8720240,"2, Phan Văn Mảng, Thị trấn Bến Lức, Huyện Bến Lức, Tỉnh Long An",CCG_315,"2 Phan Văn Mãng, Thị trấn Bến Lức, Bến Lức, Long An"
18388,1M8720241,"277-278, ĐT835 ấp 4, Xã Phước Lợi, Huyện Bến Lức, Tỉnh Long An",CCG_318,"277-278 ĐT835, ấp Chợ, xã Phước Lợi, huyện Bến Lức ,tỉnh Long An"
18417,1M8720242,"30, Quốc Lộ 1A, Phường 5, TP. Tân An, Tỉnh Long An",CCG_322,"Số 30 Quốc Lộ 1A, Phường 5, Thành Phố Tân An, Tỉnh Long An."
18440,1M8720243,"70, Hùng Vương, Phường 2, TP. Tân An, Tỉnh Long An",CCG_320,"70 Hùng Vương , Phường 2, Thành phố Tân An, Long An"
18466,1M8720376,"số 02 Đường Trần Phú, đường Trần Phú, khu phố Lý Thường Kiệt, Phường Vĩnh Thanh, TP. Rạch Giá, Tỉnh Kiên Giang",CCG_152,"2 Trần Phú, Phường Vĩnh Thanh, Tp. Rạch Giá, tỉnh Kiên Giang"
18477,1M8720377,"318-320 Nguyễn Trung Trực, Nguyễn Trung Trực, Phường Vĩnh Lạc, TP. Rạch Giá, Tỉnh Kiên Giang",CCG_150,"318-320 Nguyễn Trung Trực, Phường Vĩnh Lạc, thành phố Rạch Giá, tỉnh Kiên Giang"
18486,1M8720380,"17-19-21, Huỳnh Thúc Kháng, Phường Nghĩa Thành, TP. Gia Nghĩa, Tỉnh Đắk Nông",CCG_15,"17, 19, 21 Huỳnh Thúc Kháng, Phường Nghĩa Thành, Thị Xã Gia Nghĩa, tỉnh Đắk Nông"
18499,1M8720244,"167, Quốc lộ 62, Phường 6, TP. Tân An, Tỉnh Long An",CCG_323,"167 Quốc lộ 62, Phường 6, Thành phố Tân An, Long An"
18547,1M8720246,"450, Hùng Vương, Phường 3, TP. Tân An, Tỉnh Long An",CCG_321,"450 Hùng Vương, Phường 3, Thành phố Tân An,  Long An"
18576,1M8720247,"458/2, Quốc Lộ 1A, Xã Tân Lý Tây, Huyện Châu Thành, Tỉnh Tiền Giang",CCG_53,"458/2 Quốc Lộ 1A, Ấp Tân Phong, Xã Tân Lý Tây, Huyện Châu Thành, Tỉnh Tiền Giang"
18585,1M8720249,"., Ấp Long Thạnh, Xã Long Bình Điền, Huyện Chợ Gạo, Tỉnh Tiền Giang",CCG_50,"Thửa đất số 98 & 99, ấp Long Thạnh, xã Long Bình Điền, Huyện Chợ Gạo, Tỉnh Tiền Giang"
18598,1M8720250,"2/4, Quốc Lộ 1A, Ấp Rẫy, Thị trấn Tân Hiệp, Huyện Châu Thành, Tỉnh Tiền Giang",CCG_51,"2/4 Quốc Lộ 1A, Ấp Rẫy, Thị Trấn Tân Hiệp, Huyện Chậu Thành, Tỉnh Tiền Giang"
18613,1M8720251,"39B, Quốc Lộ 50, Thị trấn Vĩnh Bình, Huyện Gò Công Tây, Tỉnh Tiền Giang",CCG_54," 39B Quốc Lộ 50, Khu phố 5, Thị trấn Vĩnh Bình, Huyện Gò Công Tây, Tỉnh Tiền Giang"
18617,1M8720252,"42, Ấp Bắc, Phường 5, TP. Mỹ Tho, Tỉnh Tiền Giang",CCG_46,"42 Ấp Bắc, Phường 5, Tp. Mỹ Tho, Tiền Giang"
18628,1M8720253,"124, Đinh Bộ Lĩnh, Phường 2, TP. Mỹ Tho, Tỉnh Tiền Giang",CCG_45,"124 Đinh Bộ Lĩnh, Phường 2, Tp.Mỹ Tho, Tiền Giang"
18643,1M8720254,"68, Hùng Vương, Phường 7, TP. Mỹ Tho, Tỉnh Tiền Giang",CCG_48,"68 Hùng Vương, Phường 7, Thành phố Mỹ Tho, Tiền Giang"
18654,1M8720255,"57/8, Lê Thị Hồng Gấm, Phường 6, TP. Mỹ Tho, Tỉnh Tiền Giang",CCG_47,"57/8 Lê Thị Hồng Gấm, phường 6, thành phố Mỹ Tho, tỉnh Tiền Giang"
18678,1M8720258,"144, Hoàng Hoa Thám, Phường 2, TP. Vũng Tàu, Tỉnh Bà Rịa - Vũng Tàu",CCG_298,"144 Hoàng Hoa Thám, Phường 2, Thành phố Vũng Tàu, tỉnh Bà Rịa – Vũng Tàu (closed)"
18700,1M8720259,"288, Trương Công Định, Phường 3, TP. Vũng Tàu, Tỉnh Bà Rịa - Vũng Tàu",CCG_299,"288 Trương Công Định, Phường 3, Thành phố Vũng Tàu, tỉnh Bà Rịa Vũng Tàu"
18743,1M8720261,"305, Nguyễn An Ninh, Phường 9, TP. Vũng Tàu, Tỉnh Bà Rịa - Vũng Tàu",CCG_300,"305 Nguyễn An Ninh, Phường 9, TP. Vũng Tàu, Tỉnh Bà Rịa-Vũng Tàu"
18767,1M8720262,"559-561-563, đường 30/4, Phường Rạch Dừa, TP. Vũng Tàu, Tỉnh Bà Rịa - Vũng Tàu",CCG_303,"559-561-563 đường 30/4, P. Rạch Dừa, Tp. Vũng Tàu, tỉnh Bà  Rịa - Vũng Tàu"
18821,1M8720263,"Thửa đất số 13, tờ bản đồ 50, Khu tái định cư Phú Chánh, Phường Hoà Phú, TP. Thủ Dầu Một, Tỉnh Bình Dương",CCG_467,"Chợ Phú Chánh A, Phạm Văn Đồng, Khu Tái Định Cư Phú Chánh, Phường Hòa Phú, Thành phố Thủ Dầu Một, Bình Dương "
18873,1M8720264,"107, đường số 8 KDC Hiệp Thành 3, Phường Hiệp Thành, TP. Thủ Dầu Một, Tỉnh Bình Dương",CCG_464,"107 đường Số 8, Khu Dân Cư Hiệp Thành 3, Thành phố Thủ Dầu Một, Tỉnh Bình Dương."
18934,1M8720265,"416, Cách Mạng Tháng Tám, Phường Phú Cường, TP. Thủ Dầu Một, Tỉnh Bình Dương",CCG_470,"416 Cách Mạng Tháng Tám, Phường Phú Cường, Thành phố Thủ Dầu Một, Tỉnh Bình Dương"
19043,1M8720267,"626, Cách Mạng Tháng Tám, Phường Phú Cường, TP. Thủ Dầu Một, Tỉnh Bình Dương",CCG_469,"626 Cách Mạng Tháng Tám, Phú Cường, Thành phố Thủ Dầu Một, Tỉnh Bình Dương"
19102,1M8720268,"511, Phú Lợi, Khu 8, Phường Phú Lợi, TP. Thủ Dầu Một, Tỉnh Bình Dương",CCG_473,"511 Phú Lợi, Khu Phố 8, Phường Phú Lợi, Thành Phố Thủ Dầu Một, Tỉnh Bình Dương (closed)"
19150,1M8720269,"5, Huỳnh Văn Cù, Phường Hiệp Thành, TP. Thủ Dầu Một, Tỉnh Bình Dương",CCG_466,"5 Huỳnh Văn Cù, Phường Hiệp Thành, TP. Thủ Dầu Một, Bình Dương (closed)"
19207,1M8720270,"13, Yersin, Phường Phú Cường, TP. Thủ Dầu Một, Tỉnh Bình Dương",CCG_468,"13 Yersin, Tổ 15, Khu phố 1, P. Phú Cường, TP. Thủ Dầu Một, Tỉnh Bình Dương"
19259,1M8720271,"182, Cách Mạng Tháng Tám, Phường Chánh Mỹ, TP. Thủ Dầu Một, Tỉnh Bình Dương",CCG_465,"182 Cách Mạng Tháng 8, Chánh Mỹ, Thủ Dầu Một, Bình Dương"
19320,1M8720272,"1/2, Phú Lợi, Phường Phú Hòa, TP. Thủ Dầu Một, Tỉnh Bình Dương",CCG_471,"1/2 đường Phú Lợi, phường Phú Hòa, Thành phố Thủ Dầu Một, Tỉnh Bình Dương (closed)"
19376,1M8720273,"272, Đại Lộ Bình Dương, Phường Phú Hòa, TP. Thủ Dầu Một, Tỉnh Bình Dương",CCG_472,"272 Đại Lộ Bình Dương, phường Phú Hòa , Thành Phố Thủ Dầu Một, Tỉnh Bình Dương"
19399,1M8720274,"533/12B, Khu phố Đông Thành, Phường Tân Đông Hiệp, TP. Dĩ An, Tỉnh Bình Dương",CCG_440,"533/12B Khu phố Đông Thành, Phường Tân Đông Hiệp, Thành phố Dĩ An, Tỉnh Bình Dương"
19455,1M8720275,"2, Lê Hồng Phong, Phường Tân Đông Hiệp, TP. Dĩ An, Tỉnh Bình Dương",CCG_441," 2 Lê Hồng Phong, Khu Phố Đông Thành, Phường Tân Đông Hiệp, Thành Phố Dĩ An, Tỉnh Bình Dương"
19506,1M8720276,"1, Ngô Thì Nhậm, Phường Dĩ An, TP. Dĩ An, Tỉnh Bình Dương",CCG_437,"1 Ngô Thì Nhậm, Phường Dĩ An, Thị xã Dĩ An, Tỉnh Bình Dương"
19559,1M8720277,"283, Nguyễn An Ninh, Phường Dĩ An, TP. Dĩ An, Tỉnh Bình Dương",CCG_435,"283 Nguyễn An Ninh, P. Dĩ An, Thị xã Dĩ An, Bình Dương"
19615,1M8720279,"27/20A, Nguyễn Trãi, Phường Dĩ An, TP. Dĩ An, Tỉnh Bình Dương",CCG_436,"27/20A Nguyễn Trãi, Khu phố Thống Nhất, p. Dĩ An, Tx. Dĩ An, Bình Dương"
19668,1M8720280,"., Nguyễn Tri Phương, Phường An Bình, TP. Dĩ An, Tỉnh Bình Dương",CCG_434,"Nguyễn Tri Phương, khu phố Bình Đường 4, phường An Bình, thị xã Dĩ An, Bình Dương (closed)"
19794,1M8720282,"Lô DC37, Đường D33, Phường An Phú, TP. Thuận An, Tỉnh Bình Dương",CCG_450," Số 06-07-08, Lô DC37, Đường D33, KDC Việt Sing, Phường An Phú, Thành phố Thuận An, Tỉnh Bình Dương"
19855,1M8720283,"14, Nguyễn Du, Phường Bình Hòa, TP. Thuận An, Tỉnh Bình Dương",CCG_456,"14 Nguyễn Du, Phường Bình Hòa, Thành Phố Thuận An, Tỉnh Bình Dương"
19967,1M8720285,"01 Lô A, Khu phố Bình Đức 3, Phường Bình Hòa, TP. Thuận An, Tỉnh Bình Dương",CCG_458,"Số 01 Lô A, Ấp Bình Đức 3, Phường Bình Hoà, Thành phố Thuận An, Bình Dương (closed)"
20024,1M8720288,"60, Nguyễn Văn Tiết, Phường Lái Thiêu, TP. Thuận An, Tỉnh Bình Dương",CCG_460,"60 Nguyễn Văn Tiết, Phường Lái Thiêu, thị xã Thuận An, tỉnh Bình Dương"
20076,1M8720289,"2/23, Ấp Bình Đức, Phường Bình Hòa, TP. Thuận An, Tỉnh Bình Dương",CCG_457,"2/23 Ấp Bình Đức, Xã Bình Hoà, Thị xã Thuận An, Tỉnh Bình Dương (closed)"
20133,1M8720290,"Số 01, Pasteur, Phường Lái Thiêu, TP. Thuận An, Tỉnh Bình Dương",CCG_459,"1 Pasteur, phường Lái Thiêu, Tx. Thuận An, Bình Dương"
20191,1M8720291,"39/1 và 40/1A, đường 22/12, Phường An Phú, TP. Thuận An, Tỉnh Bình Dương",CCG_462,"1/183 đường 22/12, phường Thuận Giao, thị xã Thuận An, Tỉnh Bình Dương (closed)"
20245,1M8720292,"E3/1, Kp Bình Thuận 2, KDC Thuận Giao, Phường Thuận Giao, TP. Thuận An, Tỉnh Bình Dương",CCG_461,"E3/1 Khu phố Bình Thuận 2, Khu Dân Cư Thuận Giao, P.Thuận Giao, Tx.Thuận An, Tỉnh Bình Dương"
20356,1M8720294,"1/183, đường 22/12, Phường Thuận Giao, TP. Thuận An, Tỉnh Bình Dương",CCG_462,"1/183 đường 22/12, phường Thuận Giao, thị xã Thuận An, Tỉnh Bình Dương (closed)"
20383,1M8720296,"833, Xa lộ Hà Nội, Phường Long Bình Tân, TP. Biên Hòa, Tỉnh Đồng Nai",CCG_373,"Big C Đồng Nai, 833 Xa lộ Hà Nội, Long Bình Tân, Thành phố Biên Hòa, Đồng Nai"
20443,1M8720297,"F7/1 - F7/2, Quốc Lộ 51, Phường Long Bình Tân, TP. Biên Hòa, Tỉnh Đồng Nai",CCG_372," F7/1 - F7/2 Quốc Lộ 51, Khu Phố 1, phường Long Bình Tân, Thành phố Biên Hòa, Đồng Nai"
20500,1M8720298,"34, Khu Phố 4, Phường Long Bình, TP. Biên Hòa, Tỉnh Đồng Nai",CCG_368,"34 Khu Phố 4, Long Bình, Tp. Biên Hòa, Đồng Nai"
20562,1M8720299,"845, Bùi Văn Hòa, Phường Long Bình, TP. Biên Hòa, Tỉnh Đồng Nai",CCG_369,"845 Bùi Văn  Hòa, khu phố 7, phường Long Bình, Thành Phố Biên Hòa, Tỉnh Đồng Nai"
20627,1M8720300,"45A, Nguyễn Thị Minh Khai, Phường Tân Lập, TP. Nha Trang, Tỉnh Khánh Hòa",CCG_168,"45A Nguyễn Thị Minh Khai, phường Tân Lập, Thành phố Nha Trang, Khánh Hòa"
20643,1M8720301,"19, Hoàng Diệu, Phường Vĩnh Nguyên, TP. Nha Trang, Tỉnh Khánh Hòa",CCG_164,"19 Hoàng Diệu, phường Vĩnh Nghiêm, Thành phố Nha Trang, Khánh Hòa"
20665,1M8720302,"1067, Lê Hồng Phong, Phường Phước Long, TP. Nha Trang, Tỉnh Khánh Hòa",CCG_166,"1067 Lê Hồng Phong, phường Phước Long, thành phố Nha Trang, tỉnh Khánh Hòa"
20691,1M8720303,"B5-B6, chung cư Vĩnh Phước, Đường 2/4, Phường Vĩnh Phước, TP. Nha Trang, Tỉnh Khánh Hòa",CCG_172,"Số B5-B6 Chung cư Vĩnh Phước, đường 2-4, phường Vĩnh Phước, thành phố Nha Trang, tỉnh Khánh Hòa"
20717,1M8720304,"237, Hùng Vương, Thị trấn Diên Khánh, Huyện Diên Khánh, Tỉnh Khánh Hòa",CCG_178,"237 Hùng Vương, Thị trấn Diên Khánh, huyện Diên Khánh, Tỉnh Khánh Hòa (closed)"
20736,1M8720305,"8, Phan Bội Châu, Thị trấn Diên Khánh, Huyện Diên Khánh, Tỉnh Khánh Hòa",CCG_177,"8 Phan Bội Châu, tổ DP Phan Bội Châu 2, thị trấn Diên Khánh, huyện Diên Khánh, Khánh Hòa"
20744,1M8720306,"36, Nguyễn Đức Trung, Phường Thanh Khê Đông, Quận Thanh Khê, TP. Đà Nẵng",CCG_346,"36 Nguyễn Đức Trung, Phường Thanh Khê Đông, Quận Thanh Khê, Thành phố Đà Nẵng"
20763,1M8720307,"199-201, Tôn Đức Thắng, Phường Hòa Minh, Quận Liên Chiểu, TP. Đà Nẵng",CCG_351,"199 Tôn Đức Thắng, Phường Hoà Minh, Quận Liên Chiểu, Tỉnh Đà Nẵng"
20778,1M8720308,"93-95, Lê Văn Hiến, Phường Khuê Mỹ, Quận Ngũ Hành Sơn, TP. Đà Nẵng",CCG_352,"93-95 Lê Văn Hiến, phường Khuê Mỹ, quận Ngũ Hành Sơn, thành phố Đà Nẵng."
20789,1M8720392,"81-83, NGUYỄN VĂN LINH, Phường Phước Ninh, Quận Hải Châu, TP. Đà Nẵng",CCG_349," 81-83 Nguyễn Văn Linh, phường Phước Ninh, quận Hải Châu, Thành phố Đà Nẵng"
20797,1M8720393,"1, Trần Phú, Phường Phước Vĩnh, TP. Huế, Tỉnh Thừa Thiên Huế",CCG_58," 1 Trần Phú, phường Phước Vĩnh, Thành phố Huế, Thừa Thiên Huế"
20800,1M8720309,"824, Ngô Quyền, Phường An Hải Bắc, Quận Sơn Trà, TP. Đà Nẵng",CCG_340," 824 Ngô Quyền, phường An Hải Bắc, Quận Sơn Trà, Thành phố Đà Nẵng"
20822,1M8720310,"164, Núi Thành, Phường Hòa Cường Bắc, Quận Hải Châu, TP. Đà Nẵng",CCG_348,"164  Núi Thành, phường Hòa Cường Bắc, quận Hải Châu, Thành phố Đà Nẵng"
20852,1M8720312,"842-844, Tôn Đức Thắng, Phường Hòa Khánh Bắc, Quận Liên Chiểu, TP. Đà Nẵng",CCG_350,"Số 842-844 Tôn Đức Thắng, Phường Hòa Khánh Bắc, quận Liên Chiểu, Đà Nẵng"
20859,1M8720313,"42, Ông Ích Đường, Phường Hòa Thọ Đông, Quận Cẩm Lệ, TP. Đà Nẵng",CCG_343,"42 Ông Ích Đường, Phường Hoà Thọ Đông, Quận Cẩm Lệ, TP Đà Nẵng"
20878,1M8720314,"340 - 342, Phan Trọng Tuệ, Xã Thanh Liệt, Huyện Thanh Trì, TP. Hà Nội",CCG_362,"340 - 342 Phan Trọng Tuệ, xã Thanh Liệt, huyện Thanh Trì, Thành phố Hà Nội"
20884,1M8720315,"BT8-VT11, Khu đô thị Xa La, Phường Phúc La, Quận Hà Đông, TP. Hà Nội",CCG_358,"BT8-VT11 Khu nhà ở Xa La, phường Phúc La, quận Hà Đông, thành phố Hà Nội"
20897,1M8720316,"205, Nguyễn Đức Thuận, Thị trấn Trâu Quỳ, Huyện Gia Lâm, TP. Hà Nội",CCG_361,"205 Nguyễn Đức Thuận, Thị trấn Trâu Quỳ, huyện Gia Lâm, Thành phố Hà Nội"
20907,1M8720160,"84, Quốc lộ 9, Phường 1, TP. Đông Hà, Tỉnh Quảng Trị",CCG_100,"84 Quốc Lộ 9, phường 1, thành phố Đông Hà, Tỉnh Quảng Trị"
20927,1M8720163,"169, Hùng Vương, Phường Trần Phú, TP. Quảng Ngãi, Tỉnh Quảng Ngãi",CCG_111,"169 Hùng Vương, Phường Trần Phú, Thành phố Quảng Ngãi, Tỉnh Quảng Ngãi"
20932,1M8720164,"386, Nguyễn Nghiêm, Phường Nguyễn Nghiêm, TP. Quảng Ngãi, Tỉnh Quảng Ngãi",CCG_108,"386 Nguyễn Nghiêm, phường Nguyễn Nghiêm, Thành phố Quảng Ngãi, Tỉnh Quảng Ngãi."
20941,1M8720165,"558, Quang Trung, Phường Nguyễn Nghiêm, TP. Quảng Ngãi, Tỉnh Quảng Ngãi",CCG_109,"558 Quang Trung, phường Nguyễn Nghiêm, thành phố Quảng Ngãi"
21107,1M8720111,"89/2, Phan Huy Ích, Phường 15, Quận Tân Bình, Thành phố Hồ Chí Minh",CCG_628,"91 Phan Huy Ích, Phường 15, Tân Bình, Hồ Chí Minh"
21174,1M8720113,"734, Kha Vạn Cân, Phường Linh Đông, Quận Thủ Đức, Thành phố Hồ Chí Minh",CCG_490,"734 Kha Vạn Cân, Khu phố 5, P. Linh Đông, Quận Thủ Đức, Hồ Chí Minh (closed)"
21484,1M8720039,"213-215, Tân Hương, Phường Tân Quý, Quận Tân Phú, Thành phố Hồ Chí Minh",CCG_595,"213 - 215 Tân Hương, phường Tân Quý, quận Tân Phú, Tp Hồ Chí Minh"
21693,1M8720041,"827, Âu Cơ, Phường Tân Thành, Quận Tân Phú, Thành phố Hồ Chí Minh",CCG_599,"827 Âu Cơ, Phường Tân Thành, Quận Tân Phú, TPHCM"
21926,1M8720042,"915, Âu Cơ, Phường Tân Sơn Nhì, Quận Tân Phú, Thành phố Hồ Chí Minh",CCG_627,"788 Âu Cơ, Phường 14, Quận Tân Bình, Tp.HCM"
22097,1M8720043,"129-131, Lê Trọng Tấn, Phường Sơn Kỳ, Quận Tân Phú, Thành phố Hồ Chí Minh",CCG_593,"129-131 Lê Trọng Tấn, P.Sơn Kỳ, Q.Tân Phú, Hồ Chí Minh"
22189,1M8720336,"361, TRẦN HƯNG ĐẠO, KV2, Phường I, TP. Vị Thanh, Tỉnh Hậu Giang",CCG_179,"361 Trần Hưng Đạo, phường 1, thành phố Vị Thanh, Hậu Giang"
22192,1M8720337,"2, Hai Bà Trưng, Phường Lê Hồng Phong, TP. Quảng Ngãi, Tỉnh Quảng Ngãi",CCG_106,"2 Hai Bà Trưng, phường Lê Hồng Phong, Thành Phố Quảng Ngãi, tỉnh Quảng Ngãi"
22201,1M8720338,"4, Nguyễn Trãi, Phường Nghĩa Lộ, TP. Quảng Ngãi, Tỉnh Quảng Ngãi",CCG_107,"4 Nguyễn Trãi, phường Nghĩa Lộ, Thành phố Quảng Ngãi, Quảng Ngãi"
22209,1M8720339,"787, Phan Châu Trinh, Phường Hòa Hương, TP. Tam Kỳ, Tỉnh Quảng Nam",CCG_115,"787 Phan Châu Trinh, phường Hòa Hương, Thành phố Tam Kì, Quảng Nam (closed)"
22220,1M8720340,"39A, Thạch Hãn, Phường Thuận Hòa, TP. Huế, Tỉnh Thừa Thiên Huế",CCG_59,"39A Thạch Hãn, phường Thuận Hòa, Thành phố Huế, Thừa Thiên Huế"
22224,1M8720341,"35, Hà Nội, Phường Phú Nhuận, TP. Huế, Tỉnh Thừa Thiên Huế",CCG_57,"35 Hà Nội, phường Phú Nhuận, Thành phố Huế, Thừa Thiên Huế"
22339,1M8720184,"85-87, Vườn Lài, Phường Phú Thọ Hòa, Quận Tân Phú, TP. Hồ Chí Minh",CCG_591,"85-87 Vườn Lài, phường Phú Thọ Hòa, Quận Tân Phú, Thành phố Hồ Chí Minh"
22461,1M8720186,"223B, Cống Quỳnh, Phường Nguyễn Cư Trinh, Quận 1, TP. Hồ Chí Minh",CCG_508,"223B Cống Quỳnh, Phường Nguyễn Cư Trinh, Quận 1, Thành phố Hồ Chí Minh"
22666,1M8720387,"32, 32 Nguyễn Trung Trực, P.Vĩnh Bảo, Tp. Rạch Giá, tỉnh Kiên Giang., Phường Vĩnh Bảo, TP. Rạch Giá, Tỉnh Kiên Giang",CCG_149,"32 Nguyễn Trung Trực, Vĩnh Bảo, Rạch Giá, Kiên Giang"
22676,1M8720388,"62, Đường Điện Biên Phủ, Phường 2, TP. Trà Vinh, Tỉnh Trà Vinh",CCG_40,"62 Đường Điện Biên Phủ, khóm 3, Phường 2, thành phố Trà Vinh, tỉnh Trà Vinh"
22680,1M8720389,"12, Đường Điện Biên Phủ, Phường 6, TP. Trà Vinh, Tỉnh Trà Vinh",CCG_41,"12 Điện Biên Phủ, phường 6, thành phố Trà Vinh, tỉnh Trà Vinh"
22683,1M8720318,"933, Đê La Thành, Phường Ngọc Khánh, Quận Ba Đình, TP. Hà Nội",CCG_355,"933 La Thành, P.Ngọc Khánh, Quận Ba Đình, Thành Phố Hà Nội"
22702,1M8720320,"2 - 4, Cầu Đất, Phường Cầu Đất, Quận Ngô Quyền, TP. Hải Phòng",CCG_181,"2 - 4 Cầu Đất, phường Cầu Đất, quận Ngô Quyền, Thành phố Hải Phòng"
22707,1M8720321,"83, Nguyễn Văn Cừ, Phường Trường Thi, TP. Vinh, Tỉnh Nghệ An",CCG_140,"83 Nguyễn Văn Cừ, Khối 2, Phường Trường Thi, Thành phố Vinh, Tỉnh Nghệ An"
22642,1M8720384,"64/6D 64/6D Trần Phú, Phường 4, TP. Vĩnh Long, Tỉnh Vĩnh Long",CCG_33," Số 64/6D Trần Phú, Phường 4, Thành phố Vĩnh Long, Tỉnh Vĩnh Long"
19909,1M8720284,"44307, Thủ Khoa Huân, Phường Bình Chuẩn, TP. Thuận An, Tỉnh Bình Dương",CCG_455," 4/4 Thủ Khoa Huân, Khu phố Bình Phước A, phường Bình Chuẩn, Thành phố Thuận An, Bình Dương"
15024,1M8720105,"955, Kha Vạn Cân, Phường Linh Tây, Quận Thủ Đức, Thành phố Hồ Chí Minh",CCG_484,"753 Kha Vạn Cân, Phường Linh Tây, Quận Thủ Đức, TP. HCM"
354,1M8720045,"654, Trường Chinh, Phường 15, Quận Tân Bình, Thành phố Hồ Chí Minh",CCG_629," 686 Trường Chinh, Phường 15, quận Tân Bình, Thành Phố Hồ Chí Minh"
1158,1M8720050,"439, Hương Lộ 2, Phường Bình Trị Đông, Quận Bình Tân, Thành phố Hồ Chí Minh",CCG_613,"564A Hương Lộ 2, Khu Phô 6, Phường Bình Trị Đông, Quận Bình Tân, Thành phố Hồ Chí Minh"
9330,1M8720168,"281-283, Nguyễn Sinh Sắc, Phường 2, TP. Sa Đéc, Tỉnh Đồng Tháp",CCG_0,"281-283 Nguyễn Sinh Sắc, P.2, Thành phố Sa Đéc, Đồng Tháp"
18663,1M8720256,"364-365, Nguyễn Huệ, Phường 2, Thị xã Gò Công, Tỉnh Tiền Giang",CCG_44,"364-365 đường Nguyễn Huệ, Khu phố 3, Phường 2, Thị xã Gò Công, Tỉnh Tiền Giang"
16496,1M8720367,"93, Vũ Hồng Phô, Phường Bình Đa, TP. Biên Hòa, Tỉnh Đồng Nai",CCG_364,"93 Vũ Hồng Phô, Khu phố 2, phường Bình Đa, Thành phố Biên Hòa, Đồng Nai"
20915,1M8720162,"65, Phan Chu Trinh, Phường Phước Hòa, TP. Tam Kỳ, Tỉnh Quảng Nam",CCG_116,"63-65 Phan Chu Trinh, P.Phước Hoà , thành phố Tam Kỳ, tỉnh Quảng Nam"
18993,1M8720266,"81, Đại lộ Bình Dương, Phường Phú Thọ, TP. Thủ Dầu Một, Tỉnh Bình Dương",CCG_474,"81 Đại lộ Bình Dương, Phường Phú Thọ, Thành phố Thủ Dầu Một, Tỉnh Bình Dương"
13353,1M8720018,"Khu Vực 3, Trần Hưng Đạo, Phường 5, Thành phố Cà Mau, Tỉnh Cà Mau",CCG_193,"68 Trần Hưng Đạo, phường 5, thành phố Cà Mau, Cà Mau"
19737,1M8720281,"., Khu Phố 1A, Phường An Phú, TP. Thuận An, Tỉnh Bình Dương",CCG_448,"31/1,  Khu Phố 1A, Phường An Phú, Thành Phố Thuận An, Tỉnh Bình Dương"
11525,1M10008720,"100, Trần Hưng Đạo, Phường 5, Thành phố Cà Mau, Tỉnh Cà Mau",CCG_193,"68 Trần Hưng Đạo, phường 5, thành phố Cà Mau, Cà Mau"
12400,1M8720342,"135, Võ Thị Sáu, Phường Vĩnh Trường, TP. Nha Trang, Tỉnh Khánh Hòa",CCG_173,"135 Võ Thị Sáu, phường Vĩnh Trường, Thành phố Nha Trang, Khánh Hòa"
18317,1M8720236,"179, Nguyễn Đình Chiểu, Phường 2, TP. Bến Tre, Tỉnh Bến Tre",CCG_233,"179 Nguyễn Đình Chiểu, P2, Tp.Bến Tre, Bến Tre"
